ID,Graduated,First_name,Last_name,State,Gender,Age,GPA,Days_missed
0,Yes,Wayne,Boyd,Florida,Male,19.0,3.0,9.0
1,Yes,Ann,Matthews,Pennsylvania,Female,18.0,3.0,18.0
2,Yes,George,Matthews,Texas,Male,17.0,3.0,10.0
3,No,Jerry,Ramos,California,Male,15.0,2.0,28.0
4,No,Andrea,Carroll,North Carolina,Female,17.0,2.0,29.0
5,Yes,Annie,Fisher,Virginia,Female,19.0,3.0,5.0
6,No,Stephanie,Barnes,Oklahoma,Female,17.0,3.0,20.0
7,Yes,Janet,Jenkins,Louisiana,Female,15.0,4.0,20.0
8,No,Betty,Miller,,Female,17.0,3.0,23.0
9,Yes,Henry,Woods,Colorado,Male,19.0,4.0,14.0
10,Yes,Stephanie,Harris,,Female,17.0,3.0,3.0
11,No,Samuel,George,Georgia,Male,15.0,3.0,13.0
12,Yes,Todd,Phillips,Indiana,Male,17.0,2.0,3.0
13,No,Nicholas,Rice,Florida,Male,17.0,2.0,8.0
14,No,Jacqueline,Wallace,New York,Female,17.0,2.0,26.0
15,No,Phyllis,Burton,Texas,Female,16.0,3.0,18.0
16,Yes,Sandra,Hudson,,Female,17.0,4.0,20.0
17,No,Karen,Bell,Mississippi,Female,17.0,3.0,10.0
18,Yes,Lori,Patterson,New York,Female,18.0,3.0,17.0
19,Yes,Ann,Banks,Pennsylvania,Female,15.0,4.0,18.0
20,Yes,Sara,Williams,,Female,17.0,3.0,24.0
21,Yes,Benjamin,Butler,Connecticut,Male,18.0,3.0,4.0
22,No,Lori,Lopez,,Female,19.0,3.0,15.0
23,No,Ryan,Porter,New York,Male,15.0,2.0,10.0
24,No,Anthony,Burke,Texas,Male,16.0,2.0,14.0
25,Yes,Katherine,Rodriguez,Arizona,Female,16.0,4.0,3.0
26,No,Harry,Larson,,Male,18.0,3.0,15.0
27,Yes,Joyce,Patterson,Virginia,Female,18.0,4.0,22.0
28,Yes,Jonathan,Wells,Indiana,Male,19.0,3.0,20.0
29,No,Jesse,Hamilton,New York,Male,19.0,2.0,27.0
30,No,Susan,Evans,South Dakota,Female,15.0,2.0,29.0
31,No,Kathleen,Lee,New Jersey,Female,17.0,3.0,13.0
32,Yes,Steven,Cooper,Arizona,Male,18.0,3.0,20.0
33,No,Shawn,Fisher,Indiana,Male,17.0,2.0,17.0
34,Yes,Arthur,Campbell,Texas,Male,17.0,3.0,32.0
35,Yes,Harold,Flores,New Mexico,Male,19.0,3.0,18.0
36,No,Bonnie,Parker,California,Female,19.0,2.0,29.0
37,Yes,Doris,Holmes,California,Female,15.0,4.0,20.0
38,Yes,Anna,Bradley,Virginia,Female,19.0,4.0,18.0
39,Yes,Ruth,Lopez,Ohio,Female,16.0,4.0,18.0
40,Yes,Wanda,Richards,Texas,Female,16.0,3.0,7.0
41,Yes,Jimmy,Kelly,Louisiana,Male,17.0,3.0,10.0
42,Yes,Marilyn,Marshall,New York,Female,17.0,3.0,18.0
43,Yes,Donna,Jackson,Ohio,Female,19.0,4.0,18.0
44,Yes,Judy,Boyd,Louisiana,Female,18.0,3.0,33.0
45,No,Irene,Johnson,Utah,Female,18.0,2.0,9.0
46,Yes,Frank,Ortiz,Florida,Male,16.0,3.0,8.0
47,No,Mark,Wheeler,California,Male,16.0,2.0,13.0
48,No,Aaron,Reed,Washington,Male,17.0,2.0,21.0
49,Yes,Christina,Little,Ohio,Female,15.0,3.0,21.0
50,Yes,Diana,Ross,Texas,Female,17.0,2.0,18.0
51,Yes,William,Cooper,New York,Male,18.0,2.0,18.0
52,No,Joseph,Nichols,Virginia,Male,19.0,3.0,34.0
53,Yes,Stephen,Bailey,Connecticut,Male,19.0,4.0,16.0
54,Yes,Harold,Powell,Tennessee,Male,17.0,3.0,31.0
55,No,Kathleen,Cole,Texas,Female,16.0,3.0,5.0
56,Yes,Marilyn,Simmons,South Carolina,Female,18.0,4.0,33.0
57,Yes,Susan,Roberts,Pennsylvania,Female,17.0,3.0,18.0
58,No,Samuel,Elliott,Connecticut,Male,15.0,2.0,9.0
59,No,Irene,Collins,District of Columbia,Female,17.0,3.0,9.0
60,Yes,Joshua,Lewis,Missouri,Male,18.0,3.0,15.0
61,Yes,Raymond,Hudson,Nebraska,Male,15.0,4.0,7.0
62,No,Philip,Gomez,Florida,Male,18.0,2.0,7.0
63,No,Christopher,Wood,Arizona,Male,17.0,3.0,32.0
64,No,Sarah,Garcia,Florida,Female,19.0,2.0,6.0
65,No,Antonio,Palmer,Missouri,Male,17.0,2.0,12.0
66,No,Ralph,Jacobs,Florida,Male,18.0,2.0,14.0
67,Yes,Patrick,Washington,Virginia,Male,17.0,3.0,4.0
68,No,Henry,Howell,California,Male,17.0,3.0,14.0
69,Yes,Lois,Chavez,Minnesota,Female,17.0,4.0,19.0
70,Yes,Melissa,Dunn,Massachusetts,Female,17.0,3.0,18.0
71,Yes,Eric,Roberts,California,Male,18.0,3.0,32.0
72,Yes,Timothy,Smith,California,Male,15.0,4.0,20.0
73,No,Kelly,Wheeler,New York,Female,16.0,3.0,25.0
74,Yes,Earl,Watson,Texas,Male,17.0,3.0,6.0
75,Yes,Fred,Owens,Texas,Male,17.0,4.0,18.0
76,Yes,Emily,Frazier,California,Female,16.0,3.0,3.0
77,No,James,Fowler,District of Columbia,Male,17.0,3.0,15.0
78,Yes,Johnny,Myers,Georgia,Male,17.0,3.0,16.0
79,No,Melissa,Harper,Kansas,Female,17.0,3.0,27.0
80,No,Joan,Reyes,California,Female,19.0,3.0,4.0
81,Yes,Keith,Sanchez,New York,Male,15.0,2.0,18.0
82,No,Craig,Tucker,Indiana,Male,19.0,2.0,33.0
83,Yes,Judith,Nguyen,Missouri,Female,17.0,4.0,13.0
84,Yes,Kenneth,Ramirez,,Male,19.0,3.0,18.0
85,Yes,Margaret,Scott,North Carolina,Female,15.0,3.0,19.0
86,Yes,Martha,Moreno,Kentucky,Female,19.0,2.0,18.0
87,No,Sandra,Nguyen,,Female,17.0,3.0,7.0
88,Yes,Albert,Willis,Utah,Male,18.0,3.0,13.0
89,No,Shirley,Wheeler,Ohio,Female,17.0,3.0,11.0
90,No,Heather,Olson,Texas,Female,17.0,2.0,19.0
91,Yes,Lois,Hanson,Washington,Female,19.0,4.0,31.0
92,Yes,Diane,Stanley,Ohio,Female,16.0,3.0,20.0
93,Yes,Jack,Williamson,Florida,Male,16.0,4.0,31.0
94,No,Earl,Walker,Louisiana,Male,15.0,3.0,31.0
95,Yes,Justin,Gardner,Nebraska,Male,17.0,3.0,29.0
96,Yes,Edward,Hughes,California,Male,18.0,2.0,18.0
97,Yes,Lisa,Harper,Florida,Female,15.0,3.0,23.0
98,No,Amy,Alexander,,Female,19.0,3.0,13.0
99,Yes,Emily,Bradley,,Female,17.0,3.0,5.0
100,Yes,Diana,Evans,Texas,Female,17.0,3.0,18.0
101,No,Juan,Romero,Texas,Male,16.0,3.0,15.0
102,Yes,Debra,Woods,,Female,19.0,4.0,13.0
103,Yes,Donna,Cooper,Florida,Female,15.0,3.0,18.0
104,Yes,Jason,Wright,Virginia,Male,17.0,4.0,23.0
105,No,Mary,Sanchez,Michigan,Female,16.0,2.0,21.0
106,No,Steven,Welch,New York,Male,16.0,3.0,17.0
107,Yes,Debra,Larson,Virginia,Female,17.0,4.0,18.0
108,Yes,Carlos,Gibson,Connecticut,Male,15.0,4.0,28.0
109,Yes,Janet,Johnson,Virginia,Female,17.0,3.0,16.0
110,Yes,Kathryn,Welch,Colorado,Female,15.0,4.0,18.0
111,No,Kathleen,Dixon,New York,Female,17.0,2.0,6.0
112,No,Harold,Rivera,,Male,18.0,2.0,10.0
113,Yes,Nancy,Olson,Illinois,Female,15.0,3.0,18.0
114,Yes,Daniel,Jacobs,Missouri,Male,15.0,4.0,26.0
115,No,Eugene,Ferguson,Connecticut,Male,16.0,3.0,15.0
116,No,Johnny,Webb,South Carolina,Male,18.0,3.0,16.0
117,Yes,Lillian,Frazier,Nebraska,Female,15.0,4.0,21.0
118,No,Stephanie,Gomez,,Female,17.0,3.0,31.0
119,No,Linda,Wagner,New York,Female,16.0,3.0,29.0
120,No,Carlos,Oliver,Florida,Male,16.0,2.0,33.0
121,No,Jose,Diaz,,Male,15.0,2.0,12.0
122,No,William,Sanchez,,Male,15.0,3.0,28.0
123,Yes,Eugene,Harper,Louisiana,Male,19.0,4.0,14.0
124,Yes,Louis,Lewis,Utah,Male,15.0,4.0,17.0
125,Yes,Janice,Watson,,Female,18.0,3.0,18.0
126,Yes,Shawn,Grant,Florida,Male,15.0,3.0,21.0
127,Yes,Margaret,Johnston,Texas,Female,19.0,2.0,2.0
128,No,Laura,Ford,Texas,Female,17.0,3.0,18.0
129,Yes,Lillian,Perez,Colorado,Female,17.0,4.0,19.0
130,No,Jose,Morgan,Pennsylvania,Male,19.0,2.0,8.0
131,Yes,Andrew,Meyer,,Male,17.0,2.0,18.0
132,Yes,Joshua,Lynch,Connecticut,Male,18.0,3.0,7.0
133,No,Sean,Sanders,New York,Male,16.0,2.0,8.0
134,Yes,Bruce,Williamson,Minnesota,Male,17.0,3.0,18.0
135,No,Harry,Reid,Mississippi,Male,17.0,3.0,30.0
136,No,Beverly,Wallace,Colorado,Female,19.0,3.0,9.0
137,Yes,Elizabeth,Ryan,Washington,Female,15.0,3.0,3.0
138,No,James,Russell,Florida,Male,19.0,2.0,29.0
139,No,Judith,Warren,,Female,17.0,3.0,31.0
140,Yes,Jesse,Woods,,Male,16.0,4.0,6.0
141,Yes,Lori,Alvarez,Tennessee,Female,15.0,4.0,25.0
142,Yes,Sara,Collins,Minnesota,Female,18.0,3.0,3.0
143,Yes,Nicholas,Graham,Georgia,Male,18.0,4.0,18.0
144,Yes,Sara,Armstrong,Georgia,Female,16.0,3.0,7.0
145,Yes,Ernest,Harper,Alaska,Male,15.0,4.0,32.0
146,Yes,Willie,Fisher,Ohio,Male,18.0,3.0,7.0
147,No,Alan,Daniels,Minnesota,Male,17.0,3.0,7.0
148,Yes,Jason,Moreno,Virginia,Male,17.0,4.0,16.0
149,Yes,Rose,Brooks,District of Columbia,Female,15.0,4.0,18.0
150,Yes,Shawn,Green,,Male,18.0,3.0,10.0
151,No,Fred,Henderson,Nevada,Male,19.0,3.0,20.0
152,Yes,Evelyn,Watson,New Jersey,Female,18.0,4.0,12.0
153,Yes,Wanda,Hawkins,Minnesota,Female,16.0,3.0,30.0
154,Yes,Clarence,Baker,New York,Male,19.0,2.0,18.0
155,No,Juan,Bradley,Kentucky,Male,19.0,2.0,14.0
156,No,Anne,Stone,New York,Female,17.0,2.0,15.0
157,Yes,Raymond,Davis,New Mexico,Male,17.0,3.0,30.0
158,Yes,Sharon,Fuller,Texas,Female,17.0,2.0,18.0
159,No,Raymond,James,Florida,Male,15.0,3.0,28.0
160,No,Evelyn,Berry,,Female,18.0,2.0,25.0
161,Yes,Brandon,Bryant,Delaware,Male,17.0,3.0,33.0
162,No,Maria,Medina,Missouri,Female,15.0,3.0,32.0
163,No,Pamela,Phillips,Washington,Female,17.0,3.0,23.0
164,No,Eugene,Weaver,Washington,Male,19.0,2.0,30.0
165,Yes,Janet,Martin,Kansas,Female,17.0,3.0,2.0
166,No,Angela,Marshall,Tennessee,Female,18.0,3.0,23.0
167,Yes,Tina,Lopez,Nevada,Female,17.0,3.0,18.0
168,No,Matthew,Cox,District of Columbia,Male,19.0,2.0,5.0
169,Yes,Louise,Morales,Alaska,Female,15.0,2.0,18.0
170,Yes,Annie,Oliver,District of Columbia,Female,18.0,3.0,11.0
171,No,Gregory,Diaz,Michigan,Male,19.0,2.0,22.0
172,No,Carolyn,Matthews,Connecticut,Female,16.0,2.0,9.0
173,No,Marilyn,Martinez,Florida,Female,17.0,3.0,23.0
174,No,Carolyn,Daniels,Louisiana,Female,18.0,2.0,33.0
175,Yes,Larry,Ross,Tennessee,Male,17.0,4.0,18.0
176,Yes,Brandon,Carpenter,Florida,Male,15.0,3.0,18.0
177,Yes,Andrea,Fox,Texas,Female,17.0,3.0,11.0
178,Yes,Victor,Ferguson,California,Male,18.0,4.0,18.0
179,No,Katherine,Alexander,Florida,Female,17.0,3.0,28.0
180,Yes,John,Bailey,Virginia,Male,17.0,3.0,31.0
181,Yes,Eric,Hill,Georgia,Male,15.0,4.0,18.0
182,No,Randy,Jacobs,Florida,Male,18.0,3.0,34.0
183,Yes,Patricia,Welch,Nevada,Female,17.0,3.0,18.0
184,No,Tammy,Flores,,Female,17.0,3.0,23.0
185,No,Mark,Meyer,South Carolina,Male,17.0,3.0,8.0
186,No,Brian,Snyder,,Male,18.0,2.0,22.0
187,Yes,Walter,Brown,District of Columbia,Male,15.0,2.0,18.0
188,No,Patrick,Daniels,Colorado,Male,19.0,3.0,4.0
189,Yes,Diane,Collins,Louisiana,Female,17.0,4.0,25.0
190,Yes,Irene,Warren,Kansas,Female,17.0,3.0,18.0
191,Yes,Janet,Gibson,Tennessee,Female,19.0,4.0,18.0
192,No,Eugene,Porter,Kentucky,Male,18.0,3.0,23.0
193,Yes,Amy,Sullivan,Missouri,Female,19.0,3.0,18.0
194,No,George,Rogers,Michigan,Male,19.0,3.0,15.0
195,Yes,Cheryl,Simmons,Virginia,Female,17.0,4.0,17.0
196,Yes,Maria,Torres,,Female,15.0,4.0,6.0
197,Yes,Jonathan,Lewis,District of Columbia,Male,15.0,2.0,18.0
198,Yes,Jeremy,Dixon,Virginia,Male,15.0,3.0,34.0
199,No,Raymond,Campbell,Texas,Male,19.0,3.0,24.0
200,Yes,Heather,Foster,,Female,15.0,4.0,24.0
201,Yes,Gary,Reid,Pennsylvania,Male,16.0,3.0,14.0
202,No,Peter,Mitchell,District of Columbia,Male,19.0,3.0,15.0
203,Yes,Jean,Mendoza,Alabama,Female,15.0,4.0,6.0
204,No,Diane,Rice,Texas,Female,15.0,3.0,28.0
205,No,Shawn,Hansen,Kansas,Male,16.0,3.0,28.0
206,Yes,Kathryn,Harris,Texas,Female,16.0,4.0,18.0
207,Yes,Jesse,Little,Georgia,Male,16.0,3.0,5.0
208,Yes,Joan,Ward,Ohio,Female,19.0,2.0,18.0
209,Yes,Frances,Arnold,District of Columbia,Female,17.0,3.0,18.0
210,Yes,Maria,Bowman,Virginia,Female,19.0,4.0,18.0
211,Yes,Robin,Perry,California,Female,15.0,4.0,2.0
212,Yes,Mary,Oliver,,Female,18.0,3.0,16.0
213,No,Catherine,Graham,,Female,17.0,2.0,6.0
214,Yes,Bonnie,Harris,Florida,Female,17.0,3.0,8.0
215,No,Jeremy,Wood,Nevada,Male,17.0,2.0,5.0
216,Yes,Joan,Hamilton,Arizona,Female,15.0,3.0,18.0
217,Yes,Terry,Rogers,Alabama,Male,17.0,4.0,10.0
218,No,Kenneth,Chapman,Illinois,Male,16.0,3.0,24.0
219,No,Anne,Diaz,Texas,Female,16.0,2.0,33.0
220,No,Carol,Welch,Texas,Female,19.0,3.0,33.0
221,No,Paula,Clark,Minnesota,Female,19.0,2.0,33.0
222,Yes,Gary,Nichols,Florida,Male,17.0,3.0,28.0
223,No,Jose,Snyder,,Male,18.0,2.0,17.0
224,Yes,Catherine,Barnes,Pennsylvania,Female,17.0,3.0,18.0
225,No,Jack,Henry,Texas,Male,19.0,2.0,12.0
226,Yes,Terry,Thomas,Montana,Male,18.0,4.0,14.0
227,Yes,Melissa,Patterson,New York,Female,17.0,4.0,17.0
228,No,Nancy,Bailey,Colorado,Female,15.0,2.0,31.0
229,Yes,Lisa,Knight,Louisiana,Female,17.0,4.0,3.0
230,No,Jesse,Medina,Washington,Male,17.0,2.0,28.0
231,Yes,Harry,Holmes,South Carolina,Male,18.0,3.0,13.0
232,Yes,Alan,Gonzales,Georgia,Male,17.0,4.0,4.0
233,No,Jerry,Webb,California,Male,18.0,2.0,10.0
234,Yes,Juan,Ross,Florida,Male,19.0,2.0,18.0
235,Yes,Amy,Gomez,New York,Female,19.0,3.0,12.0
236,Yes,Patrick,Willis,Illinois,Male,17.0,3.0,30.0
237,Yes,Carlos,Wallace,South Carolina,Male,17.0,3.0,33.0
238,No,Brenda,Marshall,Idaho,Female,17.0,3.0,4.0
239,Yes,Gloria,Brooks,Texas,Female,16.0,4.0,34.0
240,No,Christopher,Morgan,Texas,Male,15.0,3.0,34.0
241,No,Angela,Wagner,Texas,Female,16.0,2.0,11.0
242,Yes,Andrew,Lopez,Connecticut,Male,17.0,3.0,18.0
243,No,Matthew,Greene,Nevada,Male,17.0,2.0,5.0
244,No,Earl,Lawson,Massachusetts,Male,15.0,3.0,26.0
245,No,William,Matthews,,Male,15.0,2.0,20.0
246,Yes,Victor,Palmer,Idaho,Male,15.0,3.0,18.0
247,Yes,Phillip,Gonzalez,District of Columbia,Male,15.0,3.0,18.0
248,No,Diana,Jacobs,Florida,Female,18.0,2.0,24.0
249,No,Jerry,Sanders,Georgia,Male,19.0,3.0,6.0
250,No,Lisa,Owens,West Virginia,Female,16.0,3.0,17.0
251,Yes,Philip,Stone,California,Male,17.0,4.0,18.0
252,Yes,Frank,Vasquez,California,Male,15.0,4.0,18.0
253,No,Eugene,Scott,Florida,Male,17.0,2.0,17.0
254,No,Kathy,Lopez,Florida,Female,18.0,3.0,24.0
255,Yes,Justin,Wheeler,California,Male,15.0,4.0,23.0
256,No,Tina,Schmidt,North Carolina,Female,15.0,3.0,12.0
257,No,Ronald,Thomas,Florida,Male,15.0,2.0,20.0
258,Yes,Michelle,Bradley,District of Columbia,Female,16.0,3.0,32.0
259,Yes,Andrea,Warren,Florida,Female,18.0,3.0,33.0
260,No,Richard,Romero,Michigan,Male,17.0,2.0,28.0
261,Yes,Amanda,Reyes,Texas,Female,17.0,4.0,33.0
262,Yes,Richard,Collins,Kentucky,Male,18.0,2.0,18.0
263,Yes,Kenneth,Olson,Illinois,Male,19.0,3.0,18.0
264,No,Adam,Perry,Georgia,Male,17.0,2.0,34.0
265,Yes,Carl,Montgomery,,Male,17.0,4.0,29.0
266,No,Harold,Powell,Texas,Male,15.0,2.0,12.0
267,No,Donald,Little,Kentucky,Male,16.0,2.0,33.0
268,Yes,Amy,Schmidt,California,Female,16.0,3.0,3.0
269,Yes,Patricia,Hawkins,California,Female,16.0,3.0,18.0
270,No,Raymond,Hill,District of Columbia,Male,17.0,3.0,29.0
271,Yes,Laura,Watson,Louisiana,Female,19.0,3.0,13.0
272,Yes,Nicholas,Morgan,Minnesota,Male,18.0,3.0,18.0
273,No,Anthony,Franklin,Illinois,Male,17.0,2.0,9.0
274,Yes,Raymond,Shaw,Oregon,Male,19.0,2.0,18.0
275,Yes,Denise,Garza,North Carolina,Female,15.0,3.0,30.0
276,Yes,Bobby,Butler,District of Columbia,Male,17.0,3.0,14.0
277,Yes,Dennis,Baker,Ohio,Male,17.0,3.0,3.0
278,No,Brenda,Butler,Virginia,Female,16.0,3.0,9.0
279,Yes,Melissa,Morales,District of Columbia,Female,19.0,3.0,30.0
280,No,Amy,Franklin,Florida,Female,18.0,3.0,32.0
281,Yes,Juan,Hunt,California,Male,18.0,3.0,8.0
282,Yes,Brian,Gibson,California,Male,19.0,4.0,17.0
283,No,Kathy,Duncan,Florida,Female,15.0,3.0,22.0
284,No,Steve,Montgomery,Texas,Male,15.0,3.0,27.0
285,No,Amy,King,Indiana,Female,15.0,3.0,18.0
286,No,Christine,Freeman,Georgia,Female,17.0,3.0,17.0
287,No,Sean,Stephens,California,Male,18.0,2.0,8.0
288,No,Pamela,Hill,,Female,17.0,2.0,25.0
289,No,Patrick,Gonzalez,Arizona,Male,17.0,2.0,31.0
290,Yes,Matthew,Sullivan,Texas,Male,16.0,2.0,18.0
291,Yes,Joseph,Kelley,,Male,17.0,3.0,18.0
292,Yes,Anthony,Roberts,Colorado,Male,17.0,2.0,18.0
293,Yes,Andrew,Marshall,Louisiana,Male,17.0,4.0,32.0
294,No,Pamela,Armstrong,Washington,Female,17.0,3.0,11.0
295,Yes,Julia,Carr,Texas,Female,17.0,4.0,18.0
296,No,Ernest,Day,Florida,Male,15.0,3.0,17.0
297,Yes,Marie,Ford,Florida,Female,17.0,3.0,18.0
298,Yes,Clarence,Medina,District of Columbia,Male,18.0,4.0,18.0
299,No,Maria,King,California,Female,17.0,2.0,8.0
300,Yes,Evelyn,Robertson,Florida,Female,15.0,3.0,2.0
301,Yes,Mark,Frazier,Kentucky,Male,17.0,2.0,3.0
302,No,Lillian,Knight,Colorado,Female,15.0,3.0,27.0
303,No,George,Arnold,Florida,Male,17.0,3.0,32.0
304,No,Frances,Parker,Indiana,Female,17.0,3.0,34.0
305,Yes,David,Thompson,Texas,Male,17.0,4.0,4.0
306,Yes,Wayne,Diaz,Virginia,Male,17.0,4.0,7.0
307,Yes,Lawrence,Bradley,West Virginia,Male,19.0,4.0,25.0
308,No,Patricia,Hayes,Florida,Female,19.0,2.0,25.0
309,Yes,Helen,Jordan,South Carolina,Female,18.0,3.0,18.0
310,Yes,Stephanie,Moreno,Louisiana,Female,19.0,4.0,18.0
311,No,Emily,Edwards,New York,Female,17.0,2.0,13.0
312,No,Virginia,Howard,New York,Female,19.0,3.0,15.0
313,Yes,Anthony,Hart,Indiana,Male,18.0,4.0,18.0
314,Yes,Jacqueline,Gomez,,Female,16.0,3.0,33.0
315,Yes,Gloria,Hunter,California,Female,17.0,2.0,3.0
316,Yes,Timothy,Gardner,,Male,18.0,4.0,18.0
317,Yes,Gregory,Hunt,California,Male,17.0,4.0,10.0
318,Yes,Cynthia,Brown,Arizona,Female,17.0,3.0,30.0
319,Yes,Nicholas,Campbell,North Carolina,Male,16.0,4.0,18.0
320,Yes,Steve,Garcia,Vermont,Male,17.0,3.0,18.0
321,Yes,Catherine,Hanson,Virginia,Female,18.0,4.0,29.0
322,No,Jennifer,Gonzales,New York,Female,17.0,3.0,23.0
323,No,Judy,Reyes,New York,Female,16.0,3.0,29.0
324,No,Scott,Stone,Minnesota,Male,16.0,3.0,5.0
325,No,Ryan,Reed,Texas,Male,18.0,2.0,8.0
326,Yes,Randy,Mason,Virginia,Male,17.0,4.0,31.0
327,Yes,Victor,Day,North Carolina,Male,16.0,3.0,4.0
328,Yes,Karen,Vasquez,Delaware,Female,15.0,4.0,23.0
329,Yes,Gary,Medina,Michigan,Male,15.0,3.0,18.0
330,Yes,Donna,Torres,New York,Female,17.0,3.0,18.0
331,No,Doris,Scott,,Female,15.0,3.0,34.0
332,No,Donna,Hunter,,Female,17.0,3.0,32.0
333,No,Linda,Harvey,Alabama,Female,17.0,2.0,16.0
334,No,Patricia,Chapman,Ohio,Female,17.0,2.0,23.0
335,Yes,Kimberly,Reynolds,Georgia,Female,15.0,4.0,14.0
336,Yes,Annie,Morgan,Texas,Female,16.0,2.0,18.0
337,Yes,Jerry,Hanson,,Male,15.0,4.0,9.0
338,No,Jeffrey,Peterson,New Mexico,Male,19.0,2.0,5.0
339,No,Anthony,Daniels,Tennessee,Male,16.0,2.0,8.0
340,No,Anna,Day,Oklahoma,Female,18.0,2.0,31.0
341,Yes,Debra,Arnold,Florida,Female,17.0,3.0,25.0
342,Yes,Judith,Cunningham,California,Female,15.0,4.0,25.0
343,Yes,Deborah,Reynolds,Virginia,Female,18.0,4.0,22.0
344,Yes,Theresa,Garza,,Female,15.0,3.0,18.0
345,Yes,Angela,Sanchez,Nevada,Female,19.0,4.0,27.0
346,No,Timothy,George,Wisconsin,Male,17.0,3.0,19.0
347,Yes,Angela,Jordan,North Carolina,Female,15.0,3.0,23.0
348,Yes,Paula,Hunter,,Female,17.0,4.0,5.0
349,No,Harold,Evans,Colorado,Male,17.0,2.0,34.0
350,No,Sara,Burke,Kentucky,Female,19.0,3.0,27.0
351,Yes,Nancy,Bryant,New York,Female,18.0,4.0,19.0
352,Yes,Anna,Stephens,,Female,16.0,4.0,18.0
353,No,Joyce,Bryant,California,Female,19.0,3.0,30.0
354,No,Joyce,Baker,West Virginia,Female,17.0,2.0,28.0
355,No,Gary,Fernandez,Maryland,Male,16.0,3.0,31.0
356,Yes,Terry,Anderson,Washington,Male,18.0,4.0,6.0
357,No,Carlos,Murphy,Oklahoma,Male,17.0,2.0,7.0
358,No,Christina,Cox,Missouri,Female,18.0,2.0,22.0
359,No,Bonnie,Morrison,,Female,17.0,3.0,23.0
360,Yes,Steven,Hansen,Wisconsin,Male,18.0,3.0,18.0
361,No,Sara,Perry,North Carolina,Female,17.0,3.0,17.0
362,Yes,Marie,Rice,Washington,Female,18.0,4.0,18.0
363,Yes,Christopher,Torres,Pennsylvania,Male,18.0,4.0,25.0
364,Yes,Richard,Martin,,Male,17.0,3.0,27.0
365,Yes,Todd,Hernandez,,Male,17.0,3.0,2.0
366,Yes,Mary,Patterson,District of Columbia,Female,17.0,4.0,13.0
367,Yes,Ann,Davis,California,Female,16.0,2.0,18.0
368,Yes,David,Lynch,Arizona,Male,15.0,3.0,13.0
369,Yes,Lisa,Stevens,Alabama,Female,16.0,3.0,2.0
370,No,Beverly,Wells,,Female,17.0,3.0,30.0
371,Yes,Larry,Harper,,Male,17.0,4.0,4.0
372,No,Dennis,Fields,Ohio,Male,16.0,3.0,34.0
373,Yes,Jessica,Jones,South Carolina,Female,17.0,2.0,3.0
374,Yes,Juan,Hernandez,Arizona,Male,16.0,3.0,18.0
375,Yes,Antonio,Hart,California,Male,18.0,4.0,18.0
376,Yes,Janice,Ellis,New Jersey,Female,18.0,3.0,18.0
377,No,Kimberly,Morgan,New York,Female,18.0,2.0,32.0
378,No,Betty,Robertson,Texas,Female,19.0,3.0,29.0
379,No,Mildred,Morgan,Oklahoma,Female,17.0,2.0,17.0
380,Yes,Wanda,Edwards,District of Columbia,Female,15.0,3.0,18.0
381,No,Shawn,Little,Pennsylvania,Male,19.0,3.0,10.0
382,Yes,Louis,Nelson,New Mexico,Male,17.0,4.0,14.0
383,Yes,Teresa,Roberts,Illinois,Female,16.0,3.0,30.0
384,Yes,Judith,Ross,Oklahoma,Female,15.0,3.0,6.0
385,Yes,Clarence,Nguyen,California,Male,17.0,3.0,8.0
386,Yes,Lois,Collins,,Female,17.0,3.0,18.0
387,Yes,Aaron,Bishop,California,Male,17.0,4.0,12.0
388,Yes,James,Fields,Virginia,Male,19.0,2.0,18.0
389,No,Raymond,Myers,Washington,Male,17.0,2.0,25.0
390,No,Brandon,Ferguson,Texas,Male,17.0,2.0,23.0
391,Yes,Russell,Cook,New York,Male,17.0,2.0,18.0
392,Yes,Kathleen,Burton,Missouri,Female,17.0,3.0,18.0
393,Yes,Willie,Shaw,Texas,Male,16.0,2.0,18.0
394,Yes,Philip,Nichols,District of Columbia,Male,19.0,3.0,34.0
395,No,Steve,Perkins,South Carolina,Male,17.0,2.0,30.0
396,No,Michael,Romero,Kansas,Male,19.0,3.0,12.0
397,Yes,Roy,Garcia,Michigan,Male,15.0,3.0,34.0
398,Yes,Tammy,Fields,Tennessee,Female,18.0,4.0,29.0
399,No,Sean,Shaw,,Male,18.0,2.0,24.0
400,Yes,David,Ramirez,California,Male,17.0,2.0,18.0
401,Yes,Richard,Alvarez,Pennsylvania,Male,16.0,4.0,19.0
402,Yes,Jeffrey,Miller,Oregon,Male,19.0,4.0,29.0
403,No,Edward,Gray,Texas,Male,18.0,2.0,30.0
404,No,Jack,Bell,New York,Male,17.0,2.0,19.0
405,No,Joseph,Mitchell,Colorado,Male,17.0,3.0,8.0
406,No,Phyllis,Bradley,Florida,Female,15.0,3.0,21.0
407,No,Lori,Stewart,Texas,Female,16.0,2.0,26.0
408,Yes,Julie,Richardson,Georgia,Female,19.0,3.0,6.0
409,Yes,Cynthia,Stanley,South Carolina,Female,15.0,4.0,17.0
410,Yes,Kenneth,Johnston,Massachusetts,Male,19.0,4.0,11.0
411,No,Chris,Sims,California,Male,17.0,2.0,10.0
412,No,Brian,Hanson,Massachusetts,Male,17.0,2.0,26.0
413,No,Matthew,Ward,New York,Male,15.0,2.0,29.0
414,Yes,Carl,Mason,Indiana,Male,19.0,3.0,18.0
415,Yes,Richard,Wells,Texas,Male,17.0,2.0,18.0
416,Yes,Sandra,Daniels,Nebraska,Female,18.0,3.0,18.0
417,Yes,Cheryl,Banks,Texas,Female,19.0,3.0,6.0
418,Yes,Frances,Marshall,Texas,Female,19.0,3.0,30.0
419,Yes,Gerald,Stevens,Florida,Male,19.0,4.0,18.0
420,Yes,Sean,Perez,California,Male,15.0,4.0,29.0
421,Yes,Robert,Flores,,Male,18.0,3.0,17.0
422,Yes,Daniel,Lee,,Male,16.0,4.0,7.0
423,No,Marie,Perry,,Female,17.0,3.0,13.0
424,No,Cheryl,Cruz,Nebraska,Female,18.0,2.0,16.0
425,Yes,Julia,Bishop,Ohio,Female,19.0,3.0,30.0
426,No,Earl,Bradley,South Carolina,Male,19.0,2.0,10.0
427,Yes,Timothy,Watkins,Nevada,Male,16.0,4.0,4.0
428,Yes,James,Olson,Louisiana,Male,15.0,2.0,18.0
429,Yes,Gregory,Ramos,,Male,16.0,3.0,18.0
430,No,Terry,Reynolds,South Carolina,Male,19.0,2.0,33.0
431,Yes,Terry,Murphy,Wisconsin,Male,18.0,3.0,20.0
432,No,Mark,Cook,New Jersey,Male,15.0,3.0,28.0
433,Yes,Wanda,Weaver,New Jersey,Female,18.0,4.0,22.0
434,No,Denise,Stewart,Montana,Female,17.0,2.0,23.0
435,No,Todd,Gutierrez,Illinois,Male,16.0,2.0,14.0
436,Yes,Debra,Fernandez,New York,Female,16.0,3.0,30.0
437,No,Lawrence,Flores,District of Columbia,Male,16.0,3.0,6.0
438,Yes,Juan,Duncan,Kentucky,Male,17.0,4.0,10.0
439,No,Marie,Stewart,Missouri,Female,19.0,2.0,12.0
440,No,Frances,Harvey,Massachusetts,Female,15.0,2.0,12.0
441,Yes,Willie,Owens,Washington,Male,16.0,4.0,3.0
442,Yes,Katherine,Fields,,Female,17.0,4.0,34.0
443,No,Donald,Jackson,Texas,Male,15.0,3.0,18.0
444,Yes,Daniel,Young,Pennsylvania,Male,16.0,4.0,2.0
445,No,Paula,Weaver,California,Female,17.0,2.0,7.0
446,Yes,Robert,Brooks,Texas,Male,15.0,3.0,7.0
447,No,Norma,Moore,North Carolina,Female,15.0,3.0,25.0
448,No,Catherine,Meyer,Indiana,Female,16.0,3.0,34.0
449,No,Melissa,Miller,Nevada,Female,18.0,3.0,25.0
450,No,Amanda,Grant,Oklahoma,Female,15.0,3.0,33.0
451,Yes,Walter,Meyer,,Male,16.0,3.0,13.0
452,No,Michelle,Stone,Wisconsin,Female,17.0,2.0,23.0
453,Yes,Ashley,Martin,New York,Female,16.0,3.0,32.0
454,No,Paula,Myers,Massachusetts,Female,18.0,3.0,22.0
455,No,Charles,Mitchell,,Male,19.0,3.0,24.0
456,Yes,Julia,Jacobs,,Female,19.0,4.0,32.0
457,Yes,Judith,Elliott,North Carolina,Female,16.0,4.0,20.0
458,No,Steven,Baker,Florida,Male,17.0,2.0,17.0
459,No,Gregory,Griffin,South Dakota,Male,17.0,3.0,9.0
460,Yes,Judith,Wright,Florida,Female,18.0,3.0,18.0
461,No,Donald,Banks,Pennsylvania,Male,19.0,3.0,22.0
462,Yes,Lawrence,Lee,Florida,Male,17.0,3.0,7.0
463,Yes,Kimberly,Morgan,Illinois,Female,16.0,3.0,8.0
464,Yes,Patrick,Fields,Indiana,Male,15.0,3.0,12.0
465,No,Aaron,Murphy,Florida,Male,18.0,3.0,12.0
466,Yes,Nancy,Adams,Missouri,Female,17.0,3.0,18.0
467,Yes,Virginia,Brown,Florida,Female,15.0,3.0,18.0
468,Yes,Mary,Bradley,California,Female,19.0,4.0,18.0
469,No,Wanda,Greene,North Carolina,Female,17.0,3.0,15.0
470,No,Judith,Campbell,California,Female,16.0,3.0,34.0
471,No,Dorothy,Turner,Kentucky,Female,18.0,3.0,14.0
472,Yes,Judy,Phillips,Florida,Female,19.0,4.0,18.0
473,Yes,Pamela,Kennedy,Indiana,Female,16.0,3.0,18.0
474,No,Brandon,Mendoza,Kentucky,Male,15.0,3.0,31.0
475,No,Aaron,Mitchell,Arizona,Male,18.0,3.0,24.0
476,No,Jeremy,Stephens,California,Male,19.0,3.0,19.0
477,Yes,Mary,Miller,Nebraska,Female,15.0,3.0,18.0
478,Yes,Paul,Gibson,Alabama,Male,17.0,3.0,18.0
479,No,Frank,Gonzalez,Florida,Male,18.0,2.0,16.0
480,Yes,Pamela,Grant,Ohio,Female,18.0,3.0,18.0
481,No,Anne,Dean,Virginia,Female,17.0,2.0,12.0
482,Yes,Joyce,Armstrong,West Virginia,Female,17.0,3.0,18.0
483,No,Wayne,Palmer,California,Male,17.0,3.0,17.0
484,Yes,Amanda,Ross,California,Female,16.0,4.0,21.0
485,Yes,Andrew,Day,Alabama,Male,17.0,3.0,30.0
486,Yes,Amanda,Crawford,Vermont,Female,19.0,4.0,32.0
487,Yes,Matthew,Knight,Maryland,Male,18.0,4.0,6.0
488,Yes,Marie,Hawkins,North Carolina,Female,16.0,3.0,13.0
489,No,Deborah,Hill,Indiana,Female,16.0,3.0,29.0
490,No,Cheryl,Russell,Nebraska,Female,19.0,3.0,25.0
491,No,Martin,Black,Texas,Male,15.0,3.0,11.0
492,No,Theresa,Martin,California,Female,17.0,3.0,16.0
493,No,Joyce,Peterson,West Virginia,Female,17.0,3.0,10.0
494,Yes,Frances,Cruz,Virginia,Female,16.0,4.0,9.0
495,Yes,Rebecca,Carter,Florida,Female,17.0,3.0,32.0
496,Yes,Juan,Robertson,Ohio,Male,17.0,4.0,5.0
497,Yes,Kathryn,Jackson,,Female,16.0,3.0,3.0
498,Yes,Mary,Young,Pennsylvania,Female,15.0,3.0,30.0
499,No,Benjamin,Gibson,California,Male,17.0,3.0,9.0
500,Yes,Diane,Ellis,Colorado,Female,17.0,4.0,18.0
501,No,Susan,Lewis,Texas,Female,17.0,2.0,8.0
502,No,Frank,Jacobs,Washington,Male,15.0,2.0,23.0
503,Yes,Doris,Ortiz,Washington,Female,17.0,4.0,19.0
504,Yes,Ashley,Sims,Massachusetts,Female,18.0,4.0,18.0
505,Yes,David,Ross,Kentucky,Male,15.0,4.0,18.0
506,Yes,Christina,Schmidt,Texas,Female,19.0,3.0,13.0
507,Yes,Scott,Johnson,Florida,Male,17.0,4.0,12.0
508,No,Jerry,Fox,Illinois,Male,19.0,2.0,14.0
509,No,Ryan,Woods,Texas,Male,17.0,3.0,18.0
510,Yes,Nancy,Palmer,New Jersey,Female,17.0,3.0,26.0
511,No,Robert,Gomez,Texas,Male,17.0,3.0,6.0
512,No,Robin,Bailey,Illinois,Female,17.0,2.0,18.0
513,Yes,Kevin,Mitchell,Mississippi,Male,18.0,4.0,18.0
514,No,Jose,Gordon,Louisiana,Male,17.0,3.0,15.0
515,No,Catherine,Bradley,Arizona,Female,17.0,2.0,15.0
516,No,Helen,Robertson,Colorado,Female,18.0,2.0,15.0
517,Yes,Roy,Mccoy,Missouri,Male,15.0,3.0,18.0
518,Yes,Jimmy,Hicks,Minnesota,Male,18.0,3.0,2.0
519,No,Justin,Gibson,Illinois,Male,18.0,2.0,29.0
520,Yes,Virginia,Reed,Wisconsin,Female,18.0,3.0,30.0
521,Yes,Doris,Collins,Ohio,Female,19.0,3.0,26.0
522,Yes,Larry,Fernandez,Colorado,Male,17.0,4.0,18.0
523,Yes,Andrew,Ross,Tennessee,Male,17.0,3.0,21.0
524,Yes,Patrick,Harvey,Minnesota,Male,15.0,3.0,27.0
525,Yes,Kelly,Franklin,,Female,16.0,4.0,34.0
526,No,Terry,Armstrong,Missouri,Male,18.0,2.0,12.0
527,Yes,Louis,Martin,District of Columbia,Male,18.0,3.0,16.0
528,Yes,Beverly,Medina,District of Columbia,Female,16.0,4.0,28.0
529,No,Carl,Rodriguez,Arizona,Male,15.0,2.0,20.0
530,Yes,Stephen,Stanley,New York,Male,15.0,3.0,10.0
531,Yes,Ernest,Nguyen,Texas,Male,15.0,4.0,10.0
532,Yes,Emily,Hamilton,Ohio,Female,16.0,4.0,25.0
533,Yes,Henry,Daniels,Massachusetts,Male,18.0,4.0,16.0
534,No,Teresa,Grant,Virginia,Female,16.0,3.0,16.0
535,No,Alice,Martinez,Missouri,Female,19.0,2.0,27.0
536,Yes,Alan,Campbell,,Male,17.0,2.0,3.0
537,No,Henry,Murphy,California,Male,15.0,2.0,26.0
538,Yes,Sean,Dean,New Jersey,Male,17.0,4.0,6.0
539,Yes,Janice,Gilbert,Texas,Female,15.0,2.0,18.0
540,Yes,Alice,Snyder,Arkansas,Female,15.0,3.0,2.0
541,Yes,Debra,Meyer,Alabama,Female,17.0,2.0,18.0
542,No,Cynthia,Stewart,Missouri,Female,15.0,2.0,7.0
543,No,Phillip,Olson,Tennessee,Male,17.0,3.0,19.0
544,Yes,Thomas,Mcdonald,Texas,Male,17.0,4.0,8.0
545,Yes,David,Hart,Indiana,Male,17.0,3.0,18.0
546,No,Walter,Lawson,District of Columbia,Male,17.0,2.0,28.0
547,No,Pamela,Stewart,Texas,Female,19.0,2.0,8.0
548,No,Linda,Montgomery,Georgia,Female,15.0,2.0,27.0
549,Yes,Jesse,Henry,Michigan,Male,17.0,3.0,18.0
550,Yes,James,Richards,New Mexico,Male,15.0,3.0,14.0
551,Yes,Ryan,Johnston,Florida,Male,17.0,4.0,22.0
552,Yes,Kathleen,Ford,Florida,Female,18.0,4.0,17.0
553,No,Samuel,Young,Delaware,Male,19.0,3.0,25.0
554,Yes,Albert,Perez,Virginia,Male,19.0,3.0,6.0
555,Yes,Teresa,Gomez,California,Female,15.0,4.0,19.0
556,Yes,Johnny,Allen,,Male,15.0,3.0,21.0
557,Yes,Louise,James,Kentucky,Female,16.0,3.0,25.0
558,No,Victor,Robinson,Arizona,Male,19.0,2.0,33.0
559,Yes,Joshua,Hart,Tennessee,Male,18.0,4.0,21.0
560,Yes,Arthur,Ryan,California,Male,18.0,3.0,22.0
561,No,Michelle,Kim,Indiana,Female,17.0,3.0,15.0
562,Yes,Lawrence,Thompson,North Carolina,Male,16.0,3.0,4.0
563,Yes,Roy,Stevens,Oklahoma,Male,15.0,2.0,18.0
564,No,Keith,Warren,Ohio,Male,17.0,3.0,15.0
565,Yes,Shawn,Torres,,Male,19.0,4.0,18.0
566,Yes,Jesse,Ortiz,Tennessee,Male,17.0,4.0,21.0
567,No,Raymond,Miller,Ohio,Male,17.0,2.0,18.0
568,No,Daniel,Fields,Kentucky,Male,17.0,3.0,23.0
569,No,Helen,Day,Massachusetts,Female,15.0,2.0,17.0
570,Yes,Bonnie,Jackson,California,Female,19.0,3.0,28.0
571,Yes,Betty,Anderson,Alabama,Female,17.0,3.0,29.0
572,Yes,Dennis,Ortiz,Iowa,Male,16.0,3.0,22.0
573,Yes,Larry,Graham,Virginia,Male,18.0,3.0,18.0
574,No,Russell,Bell,Oklahoma,Male,18.0,3.0,11.0
575,Yes,Elizabeth,Hill,Oregon,Female,17.0,3.0,7.0
576,No,Lori,Gordon,Texas,Female,17.0,2.0,28.0
577,Yes,Michelle,Moore,,Female,16.0,3.0,30.0
578,No,Beverly,Gordon,Texas,Female,17.0,3.0,15.0
579,No,Kathryn,Brooks,Tennessee,Female,18.0,2.0,9.0
580,Yes,Heather,Hawkins,District of Columbia,Female,16.0,3.0,21.0
581,Yes,Anna,Pierce,Indiana,Female,17.0,3.0,18.0
582,No,Lois,Adams,Kentucky,Female,19.0,3.0,24.0
583,No,Ronald,Collins,Florida,Male,19.0,3.0,26.0
584,Yes,Bruce,Perez,Texas,Male,15.0,2.0,18.0
585,Yes,Robert,Patterson,Utah,Male,16.0,3.0,34.0
586,No,Lisa,Medina,Florida,Female,15.0,2.0,4.0
587,Yes,Judith,Reed,Florida,Female,17.0,4.0,4.0
588,Yes,Carol,Hernandez,Minnesota,Female,19.0,3.0,27.0
589,No,Timothy,Davis,Hawaii,Male,19.0,2.0,32.0
590,Yes,Mark,Nguyen,Arkansas,Male,17.0,2.0,18.0
591,Yes,Arthur,Miller,Louisiana,Male,17.0,3.0,26.0
592,Yes,Bruce,Foster,,Male,19.0,4.0,13.0
593,No,Walter,Garcia,California,Male,15.0,2.0,28.0
594,No,Cheryl,Rice,Pennsylvania,Female,16.0,2.0,4.0
595,Yes,Earl,Bennett,Texas,Male,17.0,3.0,18.0
596,Yes,Carlos,Gray,Virginia,Male,17.0,4.0,18.0
597,Yes,Janet,Franklin,Florida,Female,17.0,3.0,18.0
598,Yes,Doris,Murray,,Female,17.0,4.0,3.0
599,No,Amy,Powell,,Female,15.0,2.0,31.0
600,Yes,Pamela,Boyd,Pennsylvania,Female,15.0,4.0,10.0
601,No,Sarah,Butler,Ohio,Female,17.0,3.0,27.0
602,No,Peter,Martin,Washington,Male,19.0,3.0,30.0
603,No,Jean,Washington,,Female,15.0,2.0,19.0
604,Yes,James,Lane,Arizona,Male,15.0,3.0,30.0
605,Yes,Theresa,Simpson,District of Columbia,Female,18.0,2.0,18.0
606,Yes,Elizabeth,Miller,Colorado,Female,16.0,3.0,18.0
607,No,Carlos,Freeman,California,Male,19.0,3.0,22.0
608,Yes,Rachel,Barnes,Alabama,Female,19.0,3.0,26.0
609,No,Thomas,Ross,Florida,Male,17.0,2.0,26.0
610,No,Dorothy,Boyd,Washington,Female,15.0,2.0,6.0
611,Yes,Karen,Torres,Florida,Female,17.0,4.0,27.0
612,No,Nancy,Duncan,California,Female,19.0,3.0,13.0
613,Yes,Jeremy,Rose,California,Male,17.0,2.0,18.0
614,Yes,Johnny,Berry,Texas,Male,15.0,2.0,18.0
615,Yes,Shawn,George,District of Columbia,Male,15.0,3.0,6.0
616,Yes,Bobby,Hill,Florida,Male,17.0,4.0,27.0
617,Yes,Debra,Robinson,Oregon,Female,17.0,4.0,30.0
618,Yes,Fred,Sanchez,Michigan,Male,17.0,3.0,3.0
619,Yes,Johnny,Wood,,Male,18.0,4.0,18.0
620,Yes,Richard,Murray,Indiana,Male,17.0,4.0,7.0
621,Yes,Antonio,Crawford,West Virginia,Male,19.0,3.0,30.0
622,No,Catherine,Ross,Maine,Female,18.0,2.0,30.0
623,Yes,Larry,Wagner,New Jersey,Male,15.0,4.0,3.0
624,No,Adam,Fernandez,,Male,16.0,3.0,29.0
625,No,Anne,Kelley,Ohio,Female,16.0,2.0,33.0
626,Yes,Nicholas,Washington,Indiana,Male,18.0,4.0,22.0
627,No,Christina,Roberts,California,Female,17.0,2.0,4.0
628,No,Diana,Ryan,Texas,Female,15.0,2.0,14.0
629,Yes,Antonio,King,Michigan,Male,17.0,3.0,18.0
630,Yes,Linda,Matthews,Wisconsin,Female,17.0,4.0,2.0
631,Yes,Rachel,Collins,Texas,Female,19.0,4.0,18.0
632,Yes,Bruce,Bell,Texas,Male,18.0,4.0,5.0
633,Yes,Amanda,Fisher,Indiana,Female,17.0,3.0,28.0
634,No,Melissa,Cole,Texas,Female,18.0,3.0,25.0
635,Yes,Lois,Hayes,Wisconsin,Female,17.0,4.0,28.0
636,Yes,Jennifer,Lopez,,Female,16.0,4.0,16.0
637,Yes,Robin,Grant,Alabama,Female,17.0,2.0,3.0
638,Yes,Katherine,Bishop,Oregon,Female,19.0,3.0,10.0
639,No,Kathleen,Ramos,California,Female,17.0,2.0,13.0
640,Yes,Arthur,Sanchez,Georgia,Male,16.0,4.0,18.0
641,No,Ann,Perkins,New Hampshire,Female,17.0,3.0,9.0
642,No,Brandon,King,Michigan,Male,17.0,2.0,6.0
643,Yes,Nicole,Ortiz,Illinois,Female,18.0,2.0,18.0
644,Yes,Sean,Nguyen,Texas,Male,19.0,3.0,24.0
645,No,Gloria,Wheeler,Texas,Female,17.0,2.0,5.0
646,Yes,Phillip,Reid,,Male,15.0,4.0,11.0
647,Yes,Billy,Morrison,Minnesota,Male,19.0,3.0,18.0
648,No,Betty,Mcdonald,Ohio,Female,17.0,2.0,33.0
649,Yes,Shirley,Ortiz,,Female,18.0,2.0,18.0
650,Yes,Karen,Simmons,California,Female,18.0,3.0,7.0
651,Yes,Antonio,Taylor,District of Columbia,Male,17.0,4.0,29.0
652,Yes,Janice,Clark,West Virginia,Female,17.0,2.0,18.0
653,Yes,Stephen,Simpson,New Jersey,Male,16.0,2.0,3.0
654,No,Kathleen,Brown,,Female,16.0,2.0,9.0
655,No,Phillip,Morales,Illinois,Male,18.0,2.0,6.0
656,No,Joe,Watson,,Male,17.0,3.0,16.0
657,Yes,Melissa,Harrison,Texas,Female,17.0,4.0,24.0
658,No,Carlos,Carpenter,California,Male,18.0,3.0,4.0
659,Yes,Theresa,Matthews,Hawaii,Female,17.0,4.0,18.0
660,Yes,Sarah,Crawford,Virginia,Female,19.0,3.0,34.0
661,Yes,Christina,Grant,Florida,Female,17.0,3.0,12.0
662,Yes,Carol,Powell,Illinois,Female,17.0,4.0,31.0
663,No,Eugene,Lewis,Missouri,Male,16.0,3.0,19.0
664,Yes,Chris,Hunt,Pennsylvania,Male,17.0,4.0,23.0
665,Yes,Mildred,Ross,West Virginia,Female,18.0,3.0,24.0
666,Yes,Nicole,Hart,Texas,Female,17.0,2.0,18.0
667,Yes,John,Richards,Texas,Male,17.0,4.0,25.0
668,No,Brandon,Lawson,Pennsylvania,Male,19.0,3.0,29.0
669,No,Stephanie,Henry,New York,Female,18.0,2.0,14.0
670,No,Janet,Ray,,Female,17.0,3.0,19.0
671,Yes,Terry,Gray,Colorado,Male,17.0,3.0,34.0
672,No,Antonio,Perez,North Carolina,Male,17.0,2.0,14.0
673,Yes,Donna,Russell,Ohio,Female,17.0,4.0,18.0
674,No,Theresa,Kennedy,Indiana,Female,15.0,2.0,31.0
675,Yes,Jack,Morrison,Alabama,Male,17.0,2.0,18.0
676,Yes,Louis,Rodriguez,Pennsylvania,Male,16.0,3.0,18.0
677,Yes,Gregory,Mccoy,Washington,Male,18.0,2.0,18.0
678,No,Gloria,Snyder,Florida,Female,16.0,3.0,7.0
679,No,Phyllis,Wagner,,Female,18.0,3.0,12.0
680,No,Mildred,Fernandez,North Carolina,Female,15.0,2.0,21.0
681,No,Jean,Sullivan,Arizona,Female,19.0,2.0,9.0
682,No,Christina,Woods,New York,Female,15.0,2.0,13.0
683,No,Paula,Webb,Minnesota,Female,16.0,2.0,17.0
684,Yes,Annie,Kennedy,Nevada,Female,17.0,4.0,24.0
685,Yes,Heather,Adams,Texas,Female,17.0,3.0,8.0
686,Yes,Katherine,Oliver,Virginia,Female,17.0,4.0,10.0
687,Yes,Fred,Gonzalez,Idaho,Male,17.0,4.0,18.0
688,No,Beverly,Kelley,Arkansas,Female,18.0,2.0,25.0
689,No,Evelyn,White,Massachusetts,Female,17.0,3.0,33.0
690,No,Arthur,Wood,Indiana,Male,17.0,3.0,26.0
691,No,Larry,Bennett,Ohio,Male,15.0,3.0,28.0
692,Yes,Sharon,Romero,North Carolina,Female,17.0,3.0,25.0
693,No,Michelle,Foster,California,Female,17.0,3.0,27.0
694,Yes,Philip,Watkins,Arizona,Male,19.0,3.0,21.0
695,Yes,Henry,King,District of Columbia,Male,17.0,2.0,18.0
696,No,Daniel,Peterson,Texas,Male,17.0,3.0,22.0
697,Yes,Daniel,Bowman,Kentucky,Male,16.0,4.0,31.0
698,No,Martha,Alvarez,Colorado,Female,16.0,2.0,13.0
699,Yes,Kathryn,Medina,Texas,Female,19.0,2.0,18.0
700,No,John,Patterson,,Male,15.0,2.0,4.0
701,Yes,Michael,Shaw,Florida,Male,18.0,3.0,26.0
702,No,Janice,Matthews,Kentucky,Female,15.0,3.0,34.0
703,Yes,Chris,Little,Michigan,Male,16.0,3.0,25.0
704,Yes,Martin,Holmes,Florida,Male,17.0,4.0,16.0
705,Yes,Debra,Morris,Ohio,Female,17.0,3.0,19.0
706,Yes,Robin,Ryan,,Female,15.0,4.0,15.0
707,No,Jason,Richardson,Ohio,Male,16.0,3.0,19.0
708,Yes,Harry,Williamson,Pennsylvania,Male,19.0,4.0,13.0
709,Yes,Russell,Anderson,District of Columbia,Male,17.0,4.0,30.0
710,No,Johnny,Chapman,,Male,17.0,2.0,12.0
711,Yes,Maria,Stevens,Colorado,Female,16.0,2.0,3.0
712,Yes,David,Riley,New York,Male,18.0,3.0,18.0
713,Yes,Bobby,Anderson,Pennsylvania,Male,17.0,4.0,17.0
714,Yes,Stephen,Olson,Florida,Male,19.0,3.0,10.0
715,Yes,Ann,Coleman,Washington,Female,17.0,2.0,18.0
716,Yes,Diane,Vasquez,New York,Female,15.0,4.0,14.0
717,Yes,Gloria,Hughes,Ohio,Female,19.0,2.0,18.0
718,No,Cynthia,Garza,Ohio,Female,18.0,3.0,24.0
719,No,Louise,Edwards,Indiana,Female,17.0,3.0,31.0
720,No,Kimberly,Montgomery,,Female,17.0,2.0,20.0
721,No,Brandon,Perry,California,Male,17.0,3.0,15.0
722,No,Shirley,Ford,North Carolina,Female,17.0,2.0,34.0
723,Yes,Phillip,Alvarez,Illinois,Male,16.0,2.0,18.0
724,Yes,Howard,Lawrence,New York,Male,19.0,4.0,33.0
725,Yes,Stephanie,Johnson,Pennsylvania,Female,18.0,3.0,18.0
726,No,Sara,Meyer,California,Female,18.0,2.0,9.0
727,No,Keith,Fernandez,District of Columbia,Male,19.0,3.0,8.0
728,Yes,Samuel,Allen,Illinois,Male,16.0,4.0,12.0
729,Yes,Carol,Burke,New York,Female,15.0,3.0,29.0
730,Yes,Martha,Gordon,Illinois,Female,15.0,3.0,22.0
731,Yes,Katherine,Fox,,Female,17.0,4.0,18.0
732,Yes,Stephanie,Graham,Missouri,Female,17.0,3.0,8.0
733,Yes,Roger,Snyder,Kansas,Male,18.0,4.0,21.0
734,No,Mark,Bishop,Ohio,Male,15.0,2.0,11.0
735,Yes,Pamela,Wilson,,Female,19.0,3.0,20.0
736,Yes,Philip,Perkins,Florida,Male,17.0,4.0,18.0
737,Yes,Clarence,Stevens,Colorado,Male,17.0,3.0,14.0
738,Yes,Robert,Larson,Iowa,Male,18.0,3.0,3.0
739,No,Bruce,Howard,,Male,17.0,2.0,20.0
740,Yes,Karen,Turner,Missouri,Female,16.0,4.0,28.0
741,No,Thomas,Baker,Missouri,Male,15.0,2.0,20.0
742,Yes,Thomas,Hayes,California,Male,17.0,4.0,5.0
743,No,Larry,Butler,Arizona,Male,16.0,3.0,28.0
744,Yes,Anne,Butler,California,Female,17.0,3.0,33.0
745,No,Henry,Peters,,Male,19.0,2.0,14.0
746,Yes,Patrick,Brooks,California,Male,19.0,3.0,18.0
747,Yes,Eugene,Brooks,California,Male,16.0,4.0,13.0
748,Yes,Melissa,King,Virginia,Female,18.0,3.0,34.0
749,Yes,Margaret,Black,New York,Female,18.0,4.0,18.0
750,No,Kimberly,Day,Florida,Female,19.0,2.0,6.0
751,Yes,Joyce,Matthews,New York,Female,17.0,4.0,27.0
752,Yes,Julia,Hawkins,Texas,Female,17.0,4.0,7.0
753,Yes,Michelle,Gonzalez,Michigan,Female,17.0,4.0,18.0
754,Yes,Jessica,Elliott,Minnesota,Female,17.0,4.0,28.0
755,Yes,Joyce,Murphy,,Female,17.0,4.0,5.0
756,No,Joe,Howell,,Male,15.0,2.0,20.0
757,Yes,Steven,George,Oregon,Male,16.0,3.0,11.0
758,Yes,George,Gomez,California,Male,19.0,4.0,2.0
759,Yes,Annie,Hamilton,South Carolina,Female,15.0,3.0,13.0
760,No,Michael,James,Georgia,Male,17.0,2.0,33.0
761,No,Jimmy,Holmes,,Male,17.0,3.0,26.0
762,No,Helen,Mcdonald,California,Female,18.0,2.0,15.0
763,Yes,Diane,Freeman,,Female,17.0,2.0,18.0
764,Yes,Lois,Peters,Pennsylvania,Female,19.0,4.0,31.0
765,Yes,Brenda,Martin,Texas,Female,16.0,3.0,18.0
766,Yes,Christina,Daniels,Virginia,Female,19.0,3.0,18.0
767,No,Betty,Rose,Hawaii,Female,17.0,3.0,6.0
768,Yes,Beverly,Burns,Virginia,Female,17.0,4.0,8.0
769,No,Wayne,Brooks,,Male,17.0,3.0,30.0
770,Yes,Ralph,Watkins,District of Columbia,Male,15.0,3.0,17.0
771,Yes,Gerald,James,Tennessee,Male,17.0,2.0,18.0
772,Yes,Nicole,Ramos,Texas,Female,16.0,3.0,12.0
773,No,Mildred,Williamson,,Female,16.0,2.0,27.0
774,No,Jerry,Hart,Tennessee,Male,19.0,2.0,34.0
775,Yes,Russell,Scott,Wisconsin,Male,19.0,4.0,29.0
776,Yes,Louise,Lane,Pennsylvania,Female,17.0,4.0,34.0
777,No,Donna,Ramirez,Texas,Female,16.0,3.0,6.0
778,No,Frank,Miller,Texas,Male,17.0,2.0,13.0
779,Yes,Kimberly,Gordon,Minnesota,Female,15.0,3.0,18.0
780,No,Lois,Hansen,New York,Female,17.0,2.0,12.0
781,No,Alan,Pierce,California,Male,18.0,3.0,20.0
782,No,Debra,Smith,New York,Female,17.0,2.0,5.0
783,No,Jennifer,Armstrong,California,Female,17.0,3.0,26.0
784,No,Douglas,Fernandez,Florida,Male,19.0,3.0,27.0
785,Yes,Judith,Alvarez,Michigan,Female,15.0,4.0,15.0
786,Yes,Roy,Owens,Virginia,Male,17.0,4.0,19.0
787,Yes,Doris,Long,Illinois,Female,16.0,4.0,18.0
788,Yes,Diana,Hill,Missouri,Female,19.0,3.0,18.0
789,No,Carolyn,Kelley,Texas,Female,17.0,2.0,19.0
790,No,Wayne,Rogers,Alaska,Male,17.0,3.0,16.0
791,Yes,Lisa,Romero,,Female,17.0,3.0,2.0
792,Yes,Ryan,Walker,Massachusetts,Male,16.0,3.0,18.0
793,Yes,Rose,Ward,Texas,Female,19.0,4.0,27.0
794,No,Gary,Baker,Alabama,Male,19.0,3.0,31.0
795,Yes,Lillian,Fields,Tennessee,Female,19.0,4.0,8.0
796,Yes,Kelly,Lopez,Alaska,Female,17.0,3.0,3.0
797,No,Christopher,Butler,Minnesota,Male,17.0,2.0,31.0
798,Yes,Mildred,Gray,Virginia,Female,19.0,3.0,18.0
799,No,Carol,Ward,Indiana,Female,16.0,2.0,33.0
800,Yes,Justin,Clark,California,Male,17.0,4.0,9.0
801,No,Angela,Crawford,Ohio,Female,17.0,3.0,4.0
802,No,Clarence,Robinson,Texas,Male,15.0,3.0,18.0
803,Yes,Jack,Peters,Nevada,Male,15.0,3.0,2.0
804,Yes,Julia,Lee,Pennsylvania,Female,15.0,4.0,18.0
805,Yes,Adam,Chapman,Georgia,Male,17.0,4.0,18.0
806,Yes,Jean,Davis,California,Female,16.0,4.0,3.0
807,Yes,Ernest,Davis,California,Male,17.0,3.0,18.0
808,Yes,Anthony,Ross,Washington,Male,19.0,4.0,4.0
809,No,Jeffrey,Berry,Pennsylvania,Male,15.0,2.0,26.0
810,Yes,Jacqueline,Cunningham,Hawaii,Female,17.0,4.0,31.0
811,Yes,Angela,Banks,Florida,Female,19.0,2.0,18.0
812,Yes,Amy,Ortiz,Oklahoma,Female,18.0,3.0,4.0
813,Yes,Angela,Morrison,,Female,16.0,4.0,7.0
814,No,Gary,Matthews,California,Male,18.0,3.0,4.0
815,Yes,Heather,Lynch,Texas,Female,18.0,2.0,18.0
816,No,Phyllis,Edwards,Florida,Female,17.0,3.0,17.0
817,No,Sarah,Lawson,,Female,16.0,2.0,20.0
818,No,Andrew,Reyes,Texas,Male,15.0,2.0,15.0
819,No,Deborah,Lawson,Florida,Female,16.0,2.0,14.0
820,No,Paul,Stevens,,Male,18.0,3.0,14.0
821,No,Nancy,Oliver,Indiana,Female,15.0,2.0,19.0
822,Yes,Dennis,Carpenter,Indiana,Male,17.0,3.0,7.0
823,Yes,Patrick,Ross,Texas,Male,17.0,4.0,26.0
824,Yes,Gary,Holmes,,Male,17.0,3.0,18.0
825,No,Kimberly,Torres,,Female,17.0,3.0,32.0
826,Yes,Amy,Miller,,Female,18.0,3.0,31.0
827,Yes,Ruth,Parker,South Carolina,Female,17.0,4.0,4.0
828,Yes,Juan,Collins,Vermont,Male,17.0,4.0,14.0
829,Yes,Mary,Mason,Texas,Female,19.0,4.0,19.0
830,No,Kathryn,Alexander,New Jersey,Female,19.0,2.0,17.0
831,No,Kenneth,Moreno,,Male,19.0,2.0,14.0
832,No,Mildred,Welch,Texas,Female,15.0,3.0,15.0
833,Yes,Louis,Riley,Utah,Male,17.0,4.0,18.0
834,No,Roy,Butler,Texas,Male,19.0,3.0,18.0
835,Yes,Diane,Pierce,Indiana,Female,17.0,3.0,2.0
836,Yes,Randy,Mendoza,Ohio,Male,17.0,3.0,11.0
837,Yes,Irene,Cole,Texas,Female,16.0,4.0,23.0
838,Yes,James,Myers,Illinois,Male,18.0,4.0,9.0
839,No,Barbara,Turner,Pennsylvania,Female,17.0,2.0,32.0
840,Yes,Andrea,Duncan,Ohio,Female,18.0,4.0,24.0
841,No,Tammy,Stone,,Female,15.0,3.0,4.0
842,Yes,Cheryl,Harvey,,Female,17.0,4.0,4.0
843,Yes,Gloria,Ramos,Kansas,Female,16.0,4.0,23.0
844,No,Julia,White,District of Columbia,Female,15.0,3.0,11.0
845,Yes,Alan,Crawford,California,Male,17.0,4.0,18.0
846,No,Rachel,Lee,,Female,19.0,3.0,27.0
847,Yes,Laura,Mitchell,Colorado,Female,18.0,4.0,18.0
848,No,Christina,Moore,New York,Female,19.0,3.0,22.0
849,Yes,Marie,Wood,Michigan,Female,17.0,3.0,27.0
850,No,Jean,Gonzalez,Missouri,Female,17.0,3.0,23.0
851,Yes,Gloria,Edwards,California,Female,18.0,4.0,18.0
852,Yes,Kathy,Bailey,New York,Female,19.0,3.0,18.0
853,Yes,Heather,Owens,,Female,15.0,3.0,18.0
854,Yes,Ruth,Carroll,Kentucky,Female,17.0,3.0,14.0
855,Yes,Jimmy,Bryant,Pennsylvania,Male,16.0,3.0,4.0
856,No,Thomas,Tucker,California,Male,17.0,3.0,8.0
857,Yes,Janet,Murphy,Michigan,Female,17.0,3.0,6.0
858,Yes,Angela,Kelly,Connecticut,Female,15.0,4.0,32.0
859,No,Douglas,Burke,Illinois,Male,16.0,3.0,8.0
860,Yes,Justin,Bennett,,Male,15.0,2.0,3.0
861,No,Kevin,Robinson,Montana,Male,17.0,3.0,25.0
862,Yes,Pamela,Hudson,,Female,16.0,3.0,18.0
863,No,Barbara,Mccoy,New York,Female,19.0,3.0,15.0
864,No,Sara,Garcia,Louisiana,Female,19.0,3.0,21.0
865,Yes,John,Fields,,Male,17.0,4.0,14.0
866,No,Joe,Franklin,Ohio,Male,15.0,2.0,15.0
867,Yes,Ruby,Long,Minnesota,Female,17.0,4.0,4.0
868,Yes,Phyllis,Oliver,Michigan,Female,17.0,4.0,27.0
869,No,Patrick,Barnes,Texas,Male,17.0,3.0,7.0
870,Yes,Joshua,Butler,,Male,18.0,4.0,18.0
871,No,Janet,Cox,Texas,Female,17.0,3.0,9.0
872,No,William,Harris,Alabama,Male,18.0,3.0,6.0
873,Yes,Diana,Howard,Minnesota,Female,15.0,3.0,18.0
874,Yes,Joe,Hicks,Florida,Male,15.0,3.0,18.0
875,Yes,Amy,Walker,Alabama,Female,17.0,3.0,29.0
876,No,Matthew,Brown,Iowa,Male,19.0,3.0,6.0
877,No,Adam,Larson,District of Columbia,Male,17.0,3.0,27.0
878,Yes,Victor,Kelley,California,Male,17.0,3.0,18.0
879,Yes,Amanda,Reyes,District of Columbia,Female,15.0,3.0,9.0
880,No,Aaron,Shaw,Texas,Male,15.0,2.0,5.0
881,Yes,Kevin,Campbell,California,Male,17.0,4.0,28.0
882,No,Evelyn,Watson,South Carolina,Female,15.0,2.0,14.0
883,No,Amy,Nguyen,New York,Female,18.0,2.0,30.0
884,No,Betty,Stone,Colorado,Female,17.0,2.0,31.0
885,Yes,Susan,Spencer,Missouri,Female,19.0,4.0,17.0
886,Yes,Patricia,Hernandez,Arizona,Female,19.0,4.0,14.0
887,No,Jesse,Hunter,Pennsylvania,Male,18.0,2.0,16.0
888,Yes,Mark,Parker,New York,Male,17.0,4.0,18.0
889,Yes,Deborah,Franklin,,Female,16.0,4.0,31.0
890,No,Sharon,Dixon,District of Columbia,Female,19.0,3.0,12.0
891,Yes,Ruth,Larson,Washington,Female,18.0,4.0,18.0
892,No,Gerald,Mendoza,Florida,Male,17.0,3.0,7.0
893,Yes,Gregory,Green,Arizona,Male,15.0,4.0,6.0
894,No,Eric,Greene,California,Male,15.0,3.0,33.0
895,Yes,Amanda,Anderson,Nevada,Female,19.0,4.0,4.0
896,Yes,Kathleen,Lane,Indiana,Female,19.0,4.0,24.0
897,Yes,Andrew,Murphy,Minnesota,Male,16.0,2.0,18.0
898,No,Andrea,Nichols,Maryland,Female,17.0,2.0,7.0
899,Yes,Louis,Sims,Virginia,Male,17.0,3.0,10.0
900,No,Jennifer,Nguyen,Kansas,Female,17.0,3.0,6.0
901,Yes,Amy,Bennett,Nebraska,Female,15.0,3.0,6.0
902,No,Christina,Hall,Florida,Female,18.0,2.0,14.0
903,Yes,Emily,Griffin,Louisiana,Female,15.0,3.0,18.0
904,No,Dennis,Stephens,Pennsylvania,Male,17.0,3.0,25.0
905,Yes,Harry,Wells,Pennsylvania,Male,17.0,3.0,20.0
906,No,Michael,Grant,,Male,17.0,2.0,27.0
907,Yes,Benjamin,Nguyen,Ohio,Male,19.0,4.0,18.0
908,No,Ruth,Ortiz,Pennsylvania,Female,17.0,2.0,8.0
909,No,Diane,Austin,,Female,17.0,2.0,22.0
910,Yes,Sarah,Perry,California,Female,17.0,3.0,7.0
911,Yes,Patrick,Richards,Minnesota,Male,19.0,3.0,18.0
912,No,Melissa,Daniels,Indiana,Female,17.0,2.0,24.0
913,Yes,Kimberly,Gardner,Virginia,Female,18.0,4.0,18.0
914,No,Larry,Smith,Maryland,Male,16.0,3.0,15.0
915,Yes,Debra,Warren,Texas,Female,15.0,4.0,31.0
916,Yes,Beverly,Tucker,Oklahoma,Female,19.0,3.0,19.0
917,Yes,Gary,Fernandez,Maryland,Male,19.0,3.0,5.0
918,Yes,Ralph,Perry,Texas,Male,15.0,4.0,9.0
919,Yes,Patricia,Ellis,Florida,Female,17.0,4.0,31.0
920,No,Kathy,Fernandez,New York,Female,17.0,2.0,21.0
921,No,Rebecca,Duncan,California,Female,17.0,3.0,31.0
922,Yes,Angela,Arnold,New Jersey,Female,15.0,4.0,11.0
923,Yes,Tina,Lopez,Indiana,Female,18.0,3.0,2.0
924,No,Diane,Griffin,New York,Female,16.0,2.0,16.0
925,Yes,Raymond,Hunt,,Male,15.0,2.0,18.0
926,No,Shirley,Kelly,California,Female,15.0,3.0,27.0
927,No,Ashley,Ramirez,Texas,Female,15.0,3.0,29.0
928,Yes,Alan,Davis,Wisconsin,Male,17.0,3.0,18.0
929,Yes,Cheryl,Spencer,Michigan,Female,17.0,2.0,18.0
930,Yes,Sandra,Hunter,New Mexico,Female,17.0,3.0,10.0
931,No,Barbara,Parker,,Female,17.0,2.0,13.0
932,No,Kimberly,Lynch,Texas,Female,18.0,3.0,7.0
933,No,Edward,Meyer,Virginia,Male,19.0,2.0,28.0
934,Yes,Anna,Stone,Texas,Female,18.0,4.0,17.0
935,Yes,Roger,Thompson,Virginia,Male,18.0,2.0,18.0
936,Yes,Gary,Marshall,Minnesota,Male,18.0,4.0,8.0
937,Yes,Anthony,Ray,New York,Male,18.0,4.0,4.0
938,No,Ruby,Castillo,California,Female,19.0,3.0,11.0
939,Yes,Kenneth,Evans,Indiana,Male,15.0,4.0,24.0
940,Yes,Nancy,Peters,,Female,17.0,3.0,6.0
941,Yes,Andrea,Sanchez,Florida,Female,17.0,3.0,18.0
942,Yes,Joan,Fox,Virginia,Female,15.0,2.0,18.0
943,No,Denise,Holmes,District of Columbia,Female,17.0,2.0,7.0
944,Yes,Todd,Pierce,Missouri,Male,19.0,3.0,4.0
945,Yes,Dennis,Lopez,Georgia,Male,17.0,3.0,18.0
946,Yes,Randy,Myers,Delaware,Male,17.0,3.0,17.0
947,Yes,Maria,Marshall,Georgia,Female,18.0,4.0,22.0
948,Yes,Susan,Gonzales,California,Female,19.0,3.0,18.0
949,No,Diane,Fox,Nebraska,Female,17.0,2.0,28.0
950,No,Billy,Gonzales,South Dakota,Male,16.0,3.0,27.0
951,No,Jean,Carr,North Dakota,Female,16.0,2.0,31.0
952,Yes,Jerry,Hanson,Texas,Male,18.0,2.0,18.0
953,Yes,Tammy,Parker,Connecticut,Female,19.0,3.0,33.0
954,Yes,Kathleen,Grant,Louisiana,Female,15.0,2.0,2.0
955,Yes,Anthony,Sanders,,Male,17.0,4.0,10.0
956,No,Justin,Lawrence,Florida,Male,17.0,3.0,13.0
957,Yes,Jacqueline,Day,Illinois,Female,18.0,3.0,18.0
958,Yes,Wayne,Sanchez,Texas,Male,18.0,4.0,12.0
959,No,Jerry,Washington,Nevada,Male,17.0,3.0,30.0
960,No,Louise,Brooks,Utah,Female,17.0,3.0,26.0
961,Yes,Dennis,Schmidt,New York,Male,16.0,2.0,2.0
962,Yes,Teresa,Olson,Florida,Female,15.0,4.0,7.0
963,No,Arthur,Hill,,Male,17.0,3.0,8.0
964,Yes,Craig,Rose,,Male,17.0,3.0,10.0
965,No,Rachel,Hawkins,Minnesota,Female,17.0,3.0,20.0
966,No,Edward,Warren,Florida,Male,19.0,3.0,15.0
967,Yes,Teresa,Fisher,North Carolina,Female,17.0,4.0,18.0
968,No,Jean,Gonzales,New York,Female,17.0,3.0,4.0
969,Yes,Susan,Nguyen,,Female,18.0,3.0,16.0
970,Yes,Michelle,Greene,Oklahoma,Female,17.0,4.0,8.0
971,No,Christopher,Stanley,Colorado,Male,16.0,2.0,29.0
972,Yes,Jeffrey,Mason,Georgia,Male,17.0,4.0,18.0
973,Yes,Phyllis,Smith,,Female,17.0,4.0,22.0
974,No,Jessica,Montgomery,Michigan,Female,18.0,3.0,18.0
975,Yes,Jessica,Wheeler,California,Female,17.0,2.0,18.0
976,No,Carl,Bryant,Ohio,Male,17.0,2.0,29.0
977,Yes,Wanda,Rivera,New York,Female,18.0,4.0,16.0
978,Yes,Betty,Reid,Delaware,Female,15.0,3.0,3.0
979,Yes,Ruby,Diaz,Ohio,Female,15.0,4.0,30.0
980,Yes,Thomas,Myers,Texas,Male,15.0,3.0,2.0
981,No,Jane,Sims,Texas,Female,19.0,2.0,25.0
982,Yes,Laura,Nelson,,Female,17.0,2.0,18.0
983,No,Jessica,Gonzales,Nevada,Female,17.0,3.0,15.0
984,No,Ralph,Freeman,California,Male,18.0,3.0,31.0
985,Yes,Jose,Jordan,Connecticut,Male,17.0,4.0,20.0
986,No,Andrea,Banks,California,Female,19.0,2.0,11.0
987,Yes,Gloria,Ross,Missouri,Female,17.0,4.0,18.0
988,Yes,Harry,Carr,Nebraska,Male,16.0,3.0,34.0
989,Yes,Anthony,Sanders,District of Columbia,Male,15.0,4.0,2.0
990,Yes,Ruby,King,California,Female,18.0,4.0,14.0
991,Yes,Deborah,King,New York,Female,19.0,4.0,31.0
992,Yes,Arthur,Green,Oklahoma,Male,17.0,4.0,20.0
993,No,Earl,Weaver,Ohio,Male,19.0,2.0,26.0
994,Yes,Ralph,Lopez,District of Columbia,Male,16.0,4.0,18.0
995,Yes,Frank,Stone,Louisiana,Male,16.0,4.0,25.0
996,Yes,Shirley,Garrett,Minnesota,Female,15.0,4.0,18.0
997,Yes,Jane,Rodriguez,Ohio,Female,17.0,3.0,20.0
998,Yes,Robin,George,California,Female,19.0,3.0,18.0
999,No,Martin,Fowler,Texas,Male,18.0,3.0,19.0
